offer_id,hotel_id,partner_name,room_type,price_per_night,total_price,trivago_displayed_price,cost_per_click_bid,commission_rate,cancellation_policy,breakfast_included,instant_booking,special_offers,nights,price_fluctuation_mean,price_fluctuation_variance,price_history_24h,last_updated,name,location,coordinates,star_rating,review_score,review_count,property_type,distance_to_center,distance_to_airport,chain_brand,amenities,sustainability_rating,city,country,avg_price,user_id,days_to_go,preference_score
O044774,H04774,Priceline,Double,91.08,91.08,92.94,2.33,0.173,Partial,False,False,Airport shuttle,1,91.56,1.6,"[91.61, 91.74, 90.49, 90.45, 90.79, 88.72, 88.42, 89.69, 91.12, 91.26, 90.89, 92.2, 92.52, 92.43, 92.02, 92.61, 91.64, 92.82, 93.06, 92.26, 93.34, 92.42, 92.57, 92.27]",2025-07-09T14:45:16.343081,Garden London Manor,"London, UK","[51.465412, -0.205617]",4.0,8.4,3701,Hostel,3.1,25.1,Courtyard,"Room Service,Conference Rooms,Breakfast,Pool,Airport Shuttle,Kitchen,24h Front Desk,Bar,Beach Access,Concierge,Parking,Air Conditioning",1.0,London,UK,89.75,U002827,28,0.5802461538461539
O004081,H04081,HRS,Double,99.54,199.08,100.52,1.06,0.094,Non-refundable,False,True,0.0,2,97.02,3.98,"[99.94, 98.66, 96.34, 97.32, 97.66, 97.56, 99.14, 99.44, 100.19, 99.56, 98.15, 98.57, 97.62, 95.62, 94.72, 95.49, 95.28, 94.21, 93.78, 93.43, 94.98, 95.85, 96.4, 98.49]",2025-07-09T14:45:16.343081,Moss Lodge,"Mumbai, India","[18.997998, 72.871771]",3.0,8.8,1928,Hotel,0.6,49.6,St. Regis,"Conference Rooms,Spa,Beach Access,Laundry,Air Conditioning,Pool,24h Front Desk,Room Service",2.4,Mumbai,India,98.492,U002827,28,0.5737230769230768
O024081,H04081,Hotwire,Double,100.07,200.14,100.9,1.2,0.114,Non-refundable,True,False,Pay at hotel,2,99.18,4.52,"[100.62, 100.32, 100.79, 100.66, 101.42, 101.73, 100.44, 101.25, 102.05, 100.88, 101.71, 100.95, 99.2, 99.38, 98.71, 97.27, 97.32, 97.33, 96.84, 97.89, 95.88, 95.68, 95.46, 96.45]",2025-07-09T14:45:16.343081,Moss Lodge,"Mumbai, India","[18.997998, 72.871771]",3.0,8.8,1928,Hotel,0.6,49.6,St. Regis,"Conference Rooms,Spa,Beach Access,Laundry,Air Conditioning,Pool,24h Front Desk,Room Service",2.4,Mumbai,India,98.492,U002827,27,0.5720923076923077
O014774,H04774,HotelDirect,Double,87.12,174.24,88.39,1.14,0.096,Free,False,True,Free breakfast,2,87.41,1.35,"[88.57, 88.38, 87.24, 86.27, 87.71, 85.63, 85.66, 85.4, 85.97, 86.64, 86.89, 87.55, 87.56, 88.39, 88.27, 88.81, 89.32, 89.54, 87.52, 86.97, 88.29, 88.34, 86.73, 86.24]",2025-07-09T14:45:16.343081,Garden London Manor,"London, UK","[51.465412, -0.205617]",4.0,8.4,3701,Hostel,3.1,25.1,Courtyard,"Room Service,Conference Rooms,Breakfast,Pool,Airport Shuttle,Kitchen,24h Front Desk,Bar,Beach Access,Concierge,Parking,Air Conditioning",1.0,London,UK,89.75,U002827,29,0.5680615384615385
O034193,H04193,Hotwire,Double,115.42,230.84,112.53,1.4,0.147,Non-refundable,True,True,0.0,2,115.51,0.67,"[115.2, 113.9, 115.57, 115.29, 115.75, 113.54, 113.79, 115.57, 115.64, 115.63, 116.82, 116.06, 115.94, 115.79, 115.55, 114.95, 115.22, 115.73, 115.81, 116.21, 116.26, 116.93, 116.06, 115.02]",2025-07-09T14:45:16.343081,Palace Prague House,"Prague, Czech Republic","[50.077894, 14.48837]",3.0,8.6,623,Hotel,0.9,29.2,Accor,"Beach Access,Laundry,Room Service,Pool,Kitchen,Business Center,Restaurant,Conference Rooms,Bar,Airport Shuttle",1.7,Prague,Czech Republic,107.752,U002827,32,0.5248615384615385
O024774,H04774,Venere,Twin,91.14,364.56,92.24,2.63,0.086,Free,True,False,0.0,4,91.03,2.04,"[89.9, 89.25, 88.5, 89.68, 90.21, 88.94, 89.09, 89.05, 90.45, 91.13, 92.63, 92.36, 92.15, 92.63, 92.71, 92.09, 92.67, 91.79, 91.47, 93.06, 90.32, 90.83, 90.94, 92.77]",2025-07-09T14:45:16.343081,Garden London Manor,"London, UK","[51.465412, -0.205617]",4.0,8.4,3701,Hostel,3.1,25.1,Courtyard,"Room Service,Conference Rooms,Breakfast,Pool,Airport Shuttle,Kitchen,24h Front Desk,Bar,Beach Access,Concierge,Parking,Air Conditioning",1.0,London,UK,89.75,U002827,26,0.4804307692307692
O044081,H04081,Venere,Deluxe,98.45,98.45,103.2,1.49,0.12,Non-refundable,True,False,Spa discount,1,97.67,1.76,"[98.75, 98.54, 98.56, 98.59, 97.1, 97.12, 97.97, 97.22, 96.72, 95.81, 95.86, 96.45, 95.93, 96.14, 96.45, 96.37, 97.51, 98.43, 98.65, 98.52, 97.49, 99.2, 99.85, 100.92]",2025-07-09T14:45:16.343081,Moss Lodge,"Mumbai, India","[18.997998, 72.871771]",3.0,8.8,1928,Hotel,0.6,49.6,St. Regis,"Conference Rooms,Spa,Beach Access,Laundry,Air Conditioning,Pool,24h Front Desk,Room Service",2.4,Mumbai,India,98.492,U002827,25,0.47707692307692307
O034774,H04774,Hotwire,Suite,89.86,89.86,91.85,2.27,0.09,Free,False,False,0.0,1,88.47,1.4,"[87.93, 87.04, 86.83, 87.13, 86.26, 86.49, 87.5, 88.28, 87.48, 88.32, 87.68, 88.61, 89.31, 89.7, 89.1, 88.65, 88.87, 89.82, 88.97, 90.23, 89.64, 89.42, 90.46, 89.53]",2025-07-09T14:45:16.343081,Garden London Manor,"London, UK","[51.465412, -0.205617]",4.0,8.4,3701,Hostel,3.1,25.1,Courtyard,"Room Service,Conference Rooms,Breakfast,Pool,Airport Shuttle,Kitchen,24h Front Desk,Bar,Beach Access,Concierge,Parking,Air Conditioning",1.0,London,UK,89.75,U002827,39,0.47649230769230777
O004774,H04774,Getaroom,Executive,89.55,179.1,89.48,1.16,0.145,Free,True,True,Mobile exclusive,2,90.3,1.41,"[89.44, 89.61, 91.1, 91.6, 92.84, 92.02, 92.17, 92.36, 90.85, 90.56, 88.42, 89.22, 89.32, 89.53, 89.44, 88.97, 89.12, 89.97, 90.99, 89.38, 89.37, 89.9, 90.51, 90.39]",2025-07-09T14:45:16.343081,Garden London Manor,"London, UK","[51.465412, -0.205617]",4.0,8.4,3701,Hostel,3.1,25.1,Courtyard,"Room Service,Conference Rooms,Breakfast,Pool,Airport Shuttle,Kitchen,24h Front Desk,Bar,Beach Access,Concierge,Parking,Air Conditioning",1.0,London,UK,89.75,U002827,29,0.4755384615384616
O014081,H04081,Priceline,Deluxe,99.36,198.72,96.45,1.0,0.154,Free,True,True,"Late checkout, Free WiFi",2,101.61,2.22,"[99.02, 97.32, 99.49, 99.71, 101.07, 101.64, 100.67, 102.25, 101.3, 102.19, 101.79, 102.08, 101.94, 102.57, 102.1, 102.74, 103.9, 104.21, 103.08, 101.88, 102.52, 101.53, 101.66, 102.02]",2025-07-09T14:45:16.343081,Moss Lodge,"Mumbai, India","[18.997998, 72.871771]",3.0,8.8,1928,Hotel,0.6,49.6,St. Regis,"Conference Rooms,Spa,Beach Access,Laundry,Air Conditioning,Pool,24h Front Desk,Room Service",2.4,Mumbai,India,98.492,U002827,28,0.47427692307692304
O034081,H04081,HotelDirect,Suite,95.04,190.08,95.52,1.11,0.129,Free,False,True,Airport shuttle,2,91.92,4.96,"[95.31, 94.41, 95.24, 94.5, 93.29, 93.15, 94.58, 94.07, 92.72, 93.19, 92.15, 91.47, 90.92, 90.33, 89.82, 90.56, 88.96, 87.72, 88.51, 88.31, 90.15, 91.37, 92.16, 93.21]",2025-07-09T14:45:16.343081,Moss Lodge,"Mumbai, India","[18.997998, 72.871771]",3.0,8.8,1928,Hotel,0.6,49.6,St. Regis,"Conference Rooms,Spa,Beach Access,Laundry,Air Conditioning,Pool,24h Front Desk,Room Service",2.4,Mumbai,India,98.492,U002827,27,0.4724307692307692
O022443,H02443,Venere,Double,87.12,435.6,86.1,2.44,0.167,Non-refundable,True,False,0.0,5,86.41,0.61,"[87.03, 86.57, 87.0, 87.44, 87.16, 85.87, 85.67, 86.52, 87.33, 86.45, 86.9, 87.54, 87.11, 86.29, 85.81, 84.86, 84.32, 86.83, 86.29, 86.16, 86.98, 86.03, 85.63, 86.03]",2025-07-09T14:45:16.343081,Plaza Paris Lodge,"Paris, France","[48.800319, 2.32516]",2.0,8.0,106,Apartment,3.4,30.2,Courtyard,"Air Conditioning,Kitchen,Spa,Airport Shuttle",2.8,Paris,France,79.96000000000001,U002827,32,0.46806153846153853
O024193,H04193,Travelocity,Executive,101.96,305.88,102.18,1.8,0.1,Non-refundable,True,False,Room upgrade,3,101.62,0.82,"[102.33, 102.12, 102.43, 102.39, 102.71, 101.78, 101.54, 102.17, 100.57, 100.43, 100.12, 99.39, 100.8, 101.69, 102.36, 101.62, 102.33, 101.64, 101.64, 102.58, 102.05, 101.53, 100.07, 102.65]",2025-07-09T14:45:16.343081,Palace Prague House,"Prague, Czech Republic","[50.077894, 14.48837]",3.0,8.6,623,Hotel,0.9,29.2,Accor,"Beach Access,Laundry,Room Service,Pool,Kitchen,Business Center,Restaurant,Conference Rooms,Bar,Airport Shuttle",1.7,Prague,Czech Republic,107.752,U002827,25,0.4662769230769231
O043193,H03193,Agoda,Deluxe,102.6,615.6,103.43,1.33,0.185,Free,False,True,Free WiFi,6,101.27,3.62,"[103.12, 104.35, 104.55, 103.8, 101.68, 101.46, 101.77, 100.97, 101.58, 102.12, 101.95, 102.31, 101.9, 100.04, 99.43, 98.32, 97.96, 97.79, 98.35, 99.23, 101.28, 101.86, 103.21, 101.48]",2025-07-09T14:45:16.343081,Rogers Resort,"Los Angeles, USA","[34.019222, -118.304228]",3.0,8.6,2783,Hotel,6.2,15.4,Independent,"Beach Access,Pool,Parking,Concierge,Kitchen,Restaurant,Air Conditioning,Laundry,WiFi,Bar,Conference Rooms,Breakfast",3.0,Los Angeles,USA,112.38,U002827,26,0.4643076923076923
O032443,H02443,Venere,Double,85.11,340.44,86.31,2.38,0.161,Partial,True,False,"Free parking, Free cancellation",4,86.57,1.48,"[86.85, 87.1, 85.97, 85.32, 85.04, 84.57, 85.76, 86.51, 86.16, 85.32, 85.49, 85.54, 87.01, 87.85, 88.91, 87.99, 88.46, 89.01, 87.19, 87.27, 86.62, 86.35, 86.37, 84.97]",2025-07-09T14:45:16.343081,Plaza Paris Lodge,"Paris, France","[48.800319, 2.32516]",2.0,8.0,106,Apartment,3.4,30.2,Courtyard,"Air Conditioning,Kitchen,Spa,Airport Shuttle",2.8,Paris,France,79.96000000000001,U002827,31,0.4618769230769231
O014193,H04193,Kayak,Twin,104.81,524.05,107.74,1.97,0.145,Partial,False,True,Room upgrade,5,102.91,1.71,"[105.59, 104.67, 103.81, 103.35, 103.52, 104.07, 104.61, 103.34, 102.98, 103.88, 104.45, 102.45, 103.43, 103.06, 101.1, 101.13, 100.56, 101.04, 101.47, 102.22, 103.09, 102.5, 101.93, 101.5]",2025-07-09T14:45:16.343081,Palace Prague House,"Prague, Czech Republic","[50.077894, 14.48837]",3.0,8.6,623,Hotel,0.9,29.2,Accor,"Beach Access,Laundry,Room Service,Pool,Kitchen,Business Center,Restaurant,Conference Rooms,Bar,Airport Shuttle",1.7,Prague,Czech Republic,107.752,U002827,32,0.4575076923076923
O004193,H04193,Hotwire,Single,106.41,319.23,100.98,1.05,0.167,Free,False,False,0.0,3,104.34,3.14,"[106.34, 105.86, 105.83, 104.08, 104.27, 102.97, 103.0, 101.64, 102.65, 102.38, 102.28, 103.84, 102.74, 103.07, 103.67, 104.65, 106.18, 107.98, 108.11, 106.62, 104.92, 104.87, 103.5, 102.76]",2025-07-09T14:45:16.343081,Palace Prague House,"Prague, Czech Republic","[50.077894, 14.48837]",3.0,8.6,623,Hotel,0.9,29.2,Accor,"Beach Access,Laundry,Room Service,Pool,Kitchen,Business Center,Restaurant,Conference Rooms,Bar,Airport Shuttle",1.7,Prague,Czech Republic,107.752,U002827,31,0.45258461538461536
O044193,H04193,Expedia,Family,110.16,110.16,111.26,2.61,0.182,Non-refundable,False,True,"Late checkout, Kids stay free",1,108.73,0.58,"[109.33, 109.7, 108.24, 108.94, 106.77, 108.38, 108.9, 110.08, 108.81, 107.58, 107.85, 108.85, 109.21, 108.82, 108.34, 108.17, 110.25, 108.85, 109.15, 108.4, 108.43, 109.4, 109.02, 108.07]",2025-07-09T14:45:16.343081,Palace Prague House,"Prague, Czech Republic","[50.077894, 14.48837]",3.0,8.6,623,Hotel,0.9,29.2,Accor,"Beach Access,Laundry,Room Service,Pool,Kitchen,Business Center,Restaurant,Conference Rooms,Bar,Airport Shuttle",1.7,Prague,Czech Republic,107.752,U002827,28,0.4410461538461538
O003193,H03193,Getaroom,Family,112.69,338.07,109.65,2.95,0.131,Free,True,True,"Free cancellation, Kids stay free",3,112.89,5.62,"[112.2, 110.47, 110.12, 109.39, 112.42, 112.97, 112.81, 111.48, 109.68, 110.43, 111.36, 111.45, 112.37, 111.61, 111.99, 112.66, 112.71, 114.22, 116.19, 117.69, 116.61, 116.64, 116.46, 115.42]",2025-07-09T14:45:16.343081,Rogers Resort,"Los Angeles, USA","[34.019222, -118.304228]",3.0,8.6,2783,Hotel,6.2,15.4,Independent,"Beach Access,Pool,Parking,Concierge,Kitchen,Restaurant,Air Conditioning,Laundry,WiFi,Bar,Conference Rooms,Breakfast",3.0,Los Angeles,USA,112.38,U002827,36,0.4332615384615384
O039668,H09668,Getaroom,Double,68.43,205.29,69.55,1.22,0.184,Non-refundable,False,False,0.0,3,68.71,0.34,"[68.4, 68.76, 68.5, 68.84, 68.69, 68.79, 69.7, 69.84, 68.97, 68.14, 68.75, 68.82, 68.8, 67.81, 67.57, 68.16, 68.47, 69.23, 69.35, 69.41, 69.24, 68.71, 68.53, 67.57]",2025-07-09T14:45:16.343081,Torres Ltd Inn,"Miami, USA","[25.718257, -80.160147]",2.0,7.6,46,Hotel,1.1,43.0,Independent,"Concierge,Gym,WiFi,Pool,Restaurant,Laundry",1.1,Miami,USA,65.66600000000001,U002827,31,0.4305538461538462
O013193,H03193,Kayak,Suite,114.14,228.28,115.22,0.65,0.127,Free,True,True,0.0,2,112.53,10.34,"[115.11, 113.85, 115.7, 116.54, 117.2, 117.71, 117.04, 115.61, 114.51, 114.09, 113.03, 113.87, 111.83, 110.76, 109.49, 109.31, 107.94, 106.7, 107.84, 109.2, 109.07, 111.43, 111.34, 111.64]",2025-07-09T14:45:16.343081,Rogers Resort,"Los Angeles, USA","[34.019222, -118.304228]",3.0,8.6,2783,Hotel,6.2,15.4,Independent,"Beach Access,Pool,Parking,Concierge,Kitchen,Restaurant,Air Conditioning,Laundry,WiFi,Bar,Conference Rooms,Breakfast",3.0,Los Angeles,USA,112.38,U002827,33,0.4288
O044970,H04970,Otel.com,Double,67.33,201.99,65.81,1.73,0.101,Free,False,True,Pay at hotel,3,69.5,0.98,"[67.46, 68.36, 68.22, 68.25, 68.26, 69.21, 68.86, 68.62, 69.29, 68.63, 69.5, 70.88, 70.93, 71.12, 70.53, 70.08, 69.7, 69.78, 70.01, 69.17, 70.38, 70.1, 70.69, 70.02]",2025-07-09T14:45:16.343081,Garden Berlin Suites,"Berlin, Germany","[52.586325, 13.45869]",2.0,8.5,1154,Hotel,8.8,34.8,W Hotels,"Pool,Room Service,Beach Access,Conference Rooms,Breakfast",1.3,Berlin,Germany,65.196,U002827,28,0.42716923076923075
O033193,H03193,HRS,Twin,114.73,573.65,112.39,2.04,0.149,Non-refundable,True,True,Spa discount,5,112.55,3.67,"[115.05, 116.55, 114.73, 113.09, 112.3, 113.62, 113.76, 113.2, 113.12, 113.1, 111.12, 107.78, 109.12, 110.56, 112.36, 110.94, 110.14, 111.78, 112.78, 112.88, 111.84, 112.55, 114.61, 114.16]",2025-07-09T14:45:16.343081,Rogers Resort,"Los Angeles, USA","[34.019222, -118.304228]",3.0,8.6,2783,Hotel,6.2,15.4,Independent,"Beach Access,Pool,Parking,Concierge,Kitchen,Restaurant,Air Conditioning,Laundry,WiFi,Bar,Conference Rooms,Breakfast",3.0,Los Angeles,USA,112.38,U002827,23,0.42698461538461535
O023193,H03193,HRS,Deluxe,117.74,588.7,117.2,2.48,0.131,Partial,False,True,0.0,5,115.8,13.26,"[118.7, 118.91, 117.9, 116.22, 115.82, 115.69, 111.84, 111.44, 111.34, 109.38, 110.17, 110.34, 111.93, 113.75, 114.86, 116.3, 116.76, 117.97, 119.01, 120.91, 121.67, 120.51, 119.3, 118.43]",2025-07-09T14:45:16.343081,Rogers Resort,"Los Angeles, USA","[34.019222, -118.304228]",3.0,8.6,2783,Hotel,6.2,15.4,Independent,"Beach Access,Pool,Parking,Concierge,Kitchen,Restaurant,Air Conditioning,Laundry,WiFi,Bar,Conference Rooms,Breakfast",3.0,Los Angeles,USA,112.38,U002827,26,0.4177230769230769
O049668,H09668,Lastminute.com,Double,63.01,252.04,62.48,1.96,0.177,Non-refundable,True,True,Pay at hotel,4,65.14,1.77,"[62.72, 63.08, 63.11, 63.11, 63.8, 63.73, 64.27, 64.94, 65.12, 65.56, 65.98, 67.01, 66.91, 67.03, 66.57, 66.94, 66.51, 65.84, 64.96, 64.97, 64.61, 65.41, 65.68, 65.59]",2025-07-09T14:45:16.343081,Torres Ltd Inn,"Miami, USA","[25.718257, -80.160147]",2.0,7.6,46,Hotel,1.1,43.0,Independent,"Concierge,Gym,WiFi,Pool,Restaurant,Laundry",1.1,Miami,USA,65.66600000000001,U002827,30,0.41387692307692314
O032534,H02534,Expedia,Double,48.96,146.88,49.56,1.19,0.188,Non-refundable,False,True,Free breakfast,3,50.19,0.86,"[49.11, 49.87, 49.98, 49.9, 49.98, 49.02, 49.39, 49.02, 49.1, 48.81, 49.06, 49.28, 50.06, 50.32, 50.58, 51.11, 51.2, 50.87, 51.37, 51.78, 51.42, 51.28, 51.14, 50.97]",2025-07-09T14:45:16.343081,Lewis Suites,"Barcelona, Spain","[41.34917, 2.154677]",2.0,7.4,259,Apartment,0.6,12.7,Courtyard,"Spa,Pool,Gym,WiFi,Parking,Kitchen,Concierge",3.3,Barcelona,Spain,45.804,U002827,35,0.39064615384615387
O042534,H02534,Kayak,Double,43.45,173.8,44.01,2.62,0.196,Free,False,False,Late checkout,4,43.65,0.1,"[44.24, 43.99, 44.09, 43.66, 43.81, 43.64, 43.72, 43.21, 43.47, 43.63, 43.72, 43.53, 43.59, 43.88, 44.17, 43.54, 43.41, 44.0, 43.47, 43.67, 43.56, 43.62, 42.91, 43.01]",2025-07-09T14:45:16.343081,Lewis Suites,"Barcelona, Spain","[41.34917, 2.154677]",2.0,7.4,259,Apartment,0.6,12.7,Courtyard,"Spa,Pool,Gym,WiFi,Parking,Kitchen,Concierge",3.3,Barcelona,Spain,45.804,U002827,32,0.3736923076923077
O028909,H08909,Otel.com,Double,47.87,95.74,47.79,2.97,0.08,Partial,False,True,Free parking,2,46.68,0.65,"[46.81, 46.48, 45.71, 46.27, 46.17, 45.61, 45.5, 46.93, 46.61, 46.6, 46.53, 45.97, 46.4, 45.68, 46.92, 47.6, 48.56, 47.58, 48.07, 47.53, 47.37, 47.36, 46.42, 45.6]",2025-07-09T14:45:16.343081,Mcknight Resort,"Berlin, Germany","[52.592994, 13.394562]",2.0,7.1,173,Apartment,10.9,28.1,Ibis,"Restaurant,Business Center,Concierge,Spa",3.7,Berlin,Germany,47.634,U002827,39,0.3672923076923077
O048909,H08909,HRS,Double,43.32,129.96,44.23,2.91,0.149,Non-refundable,True,True,"Room upgrade, Free parking",3,43.55,0.3,"[43.32, 43.42, 43.68, 42.83, 42.88, 43.26, 44.01, 43.87, 43.82, 43.13, 43.79, 44.08, 44.05, 43.89, 44.29, 44.02, 44.49, 43.95, 43.95, 43.55, 43.06, 42.62, 42.7, 42.62]",2025-07-09T14:45:16.343081,Mcknight Resort,"Berlin, Germany","[52.592994, 13.394562]",2.0,7.1,173,Apartment,10.9,28.1,Ibis,"Restaurant,Business Center,Concierge,Spa",3.7,Berlin,Germany,47.634,U002827,39,0.3532923076923077
O012443,H02443,Expedia,Suite,80.78,242.34,83.24,2.68,0.185,Non-refundable,False,True,Room upgrade,3,80.71,1.68,"[80.45, 79.87, 80.12, 79.42, 79.91, 79.81, 79.16, 79.63, 80.69, 80.64, 80.12, 79.93, 80.11, 79.81, 80.03, 79.56, 80.02, 81.11, 82.19, 83.04, 81.84, 82.69, 83.59, 83.32]",2025-07-09T14:45:16.343081,Plaza Paris Lodge,"Paris, France","[48.800319, 2.32516]",2.0,8.0,106,Apartment,3.4,30.2,Courtyard,"Air Conditioning,Kitchen,Spa,Airport Shuttle",2.8,Paris,France,79.96000000000001,U002827,25,0.34855384615384616
O044972,H04972,Kayak,Suite,134.45,537.8,139.12,1.44,0.18,Non-refundable,False,False,"Room upgrade, Free WiFi",4,132.75,9.58,"[131.53, 130.0, 129.0, 131.1, 130.03, 129.55, 130.94, 128.33, 130.73, 130.61, 129.11, 129.52, 132.59, 133.17, 133.43, 134.68, 135.4, 136.46, 134.12, 136.01, 136.66, 136.98, 136.55, 139.53]",2025-07-09T14:45:16.343081,Palace Dubai Hotel,"Dubai, UAE","[25.1962, 55.213457]",3.0,8.5,908,Hotel,1.8,29.4,Independent,"Airport Shuttle,WiFi,Concierge,Bar,Air Conditioning,Pool,Conference Rooms,Laundry",4.4,Dubai,UAE,143.458,U002827,34,0.3463076923076923
O034972,H04972,Hotwire,Single,134.91,269.82,136.45,2.42,0.162,Partial,True,False,Free breakfast,2,132.52,1.44,"[134.38, 132.88, 131.28, 132.67, 133.49, 133.84, 132.88, 131.4, 131.22, 130.35, 132.96, 134.29, 133.31, 133.85, 131.23, 132.13, 130.42, 132.94, 133.78, 133.21, 132.74, 133.13, 131.34, 130.82]",2025-07-09T14:45:16.343081,Palace Dubai Hotel,"Dubai, UAE","[25.1962, 55.213457]",3.0,8.5,908,Hotel,1.8,29.4,Independent,"Airport Shuttle,WiFi,Concierge,Bar,Air Conditioning,Pool,Conference Rooms,Laundry",4.4,Dubai,UAE,143.458,U002827,24,0.3448923076923077
O019668,H09668,Travelocity,Executive,69.51,208.53,66.93,1.53,0.118,Free,False,True,Free breakfast,3,70.99,1.95,"[68.9, 69.97, 69.61, 70.31, 69.93, 69.38, 70.3, 69.84, 69.65, 68.98, 69.73, 70.22, 71.45, 72.24, 73.05, 73.19, 73.32, 72.75, 72.51, 72.2, 71.79, 72.22, 71.43, 70.73]",2025-07-09T14:45:16.343081,Torres Ltd Inn,"Miami, USA","[25.718257, -80.160147]",2.0,7.6,46,Hotel,1.1,43.0,Independent,"Concierge,Gym,WiFi,Pool,Restaurant,Laundry",1.1,Miami,USA,65.66600000000001,U002827,36,0.3338769230769232
O042443,H02443,Otel.com,Deluxe,74.97,74.97,74.16,1.54,0.103,Free,True,True,Room upgrade,1,74.26,0.57,"[75.1, 75.16, 75.14, 74.57, 74.66, 73.81, 74.12, 75.53, 73.73, 72.49, 73.4, 73.75, 73.25, 73.53, 73.77, 74.06, 73.61, 75.02, 75.06, 74.45, 75.01, 75.07, 74.08, 74.0]",2025-07-09T14:45:16.343081,Plaza Paris Lodge,"Paris, France","[48.800319, 2.32516]",2.0,8.0,106,Apartment,3.4,30.2,Courtyard,"Air Conditioning,Kitchen,Spa,Airport Shuttle",2.8,Paris,France,79.96000000000001,U002827,31,0.3306769230769231
O014972,H04972,Agoda,Single,141.07,282.14,139.06,1.54,0.104,Partial,True,True,Spa discount,2,141.15,4.61,"[143.21, 144.3, 143.18, 140.86, 140.54, 138.75, 138.17, 139.3, 140.59, 141.4, 141.04, 138.99, 139.44, 137.36, 139.39, 139.43, 139.96, 141.01, 142.58, 141.52, 142.25, 144.39, 145.64, 144.31]",2025-07-09T14:45:16.343081,Palace Dubai Hotel,"Dubai, UAE","[25.1962, 55.213457]",3.0,8.5,908,Hotel,1.8,29.4,Independent,"Airport Shuttle,WiFi,Concierge,Bar,Air Conditioning,Pool,Conference Rooms,Laundry",4.4,Dubai,UAE,143.458,U002827,31,0.3259384615384615
O004970,H04970,Orbitz,Twin,66.36,66.36,68.77,1.58,0.173,Partial,True,True,Free WiFi,1,65.97,4.4,"[67.93, 68.3, 68.36, 69.12, 68.38, 67.37, 67.68, 67.11, 67.27, 66.55, 66.17, 65.67, 65.04, 66.28, 67.0, 66.69, 66.41, 65.54, 63.37, 63.12, 62.96, 62.41, 62.16, 62.46]",2025-07-09T14:45:16.343081,Garden Berlin Suites,"Berlin, Germany","[52.586325, 13.45869]",2.0,8.5,1154,Hotel,8.8,34.8,W Hotels,"Pool,Room Service,Beach Access,Conference Rooms,Breakfast",1.3,Berlin,Germany,65.196,U002827,23,0.3241846153846154
O034970,H04970,Booking.com,Twin,66.0,66.0,68.1,2.77,0.167,Partial,True,False,"Pay at hotel, Free WiFi",1,66.21,0.6,"[66.04, 66.93, 66.95, 67.16, 67.05, 67.07, 66.84, 66.2, 65.99, 66.63, 66.34, 66.26, 66.19, 65.81, 65.09, 65.17, 65.06, 64.9, 65.52, 64.67, 66.22, 67.11, 67.0, 66.85]",2025-07-09T14:45:16.343081,Garden Berlin Suites,"Berlin, Germany","[52.586325, 13.45869]",2.0,8.5,1154,Hotel,8.8,34.8,W Hotels,"Pool,Room Service,Beach Access,Conference Rooms,Breakfast",1.3,Berlin,Germany,65.196,U002827,35,0.32307692307692315
O002443,H02443,Travelocity,Executive,71.82,502.74,71.67,0.9,0.152,Partial,True,True,Free parking,7,71.12,0.22,"[70.83, 71.2, 71.74, 71.1, 70.85, 70.2, 71.77, 71.73, 71.3, 71.5, 70.75, 70.98, 71.09, 71.76, 70.73, 70.82, 71.03, 70.77, 71.93, 71.23, 71.3, 70.7, 70.14, 71.42]",2025-07-09T14:45:16.343081,Plaza Paris Lodge,"Paris, France","[48.800319, 2.32516]",2.0,8.0,106,Apartment,3.4,30.2,Courtyard,"Air Conditioning,Kitchen,Spa,Airport Shuttle",2.8,Paris,France,79.96000000000001,U002827,26,0.3209846153846154
O014970,H04970,Getaroom,Deluxe,64.92,324.6,64.97,1.07,0.154,Non-refundable,True,False,Spa discount,5,64.46,0.73,"[65.54, 64.97, 65.31, 65.11, 64.76, 64.15, 64.43, 64.63, 64.81, 65.64, 65.6, 64.94, 64.85, 64.88, 64.48, 64.98, 64.74, 63.99, 63.55, 62.88, 62.5, 63.47, 63.76, 62.99]",2025-07-09T14:45:16.343081,Garden Berlin Suites,"Berlin, Germany","[52.586325, 13.45869]",2.0,8.5,1154,Hotel,8.8,34.8,W Hotels,"Pool,Room Service,Beach Access,Conference Rooms,Breakfast",1.3,Berlin,Germany,65.196,U002827,29,0.31975384615384617
O009668,H09668,Hotels.com,Executive,64.68,129.36,64.92,1.48,0.082,Free,False,True,Airport shuttle,2,63.94,0.78,"[63.12, 62.97, 62.69, 63.49, 63.56, 63.99, 63.72, 64.19, 63.96, 62.43, 63.23, 62.87, 63.54, 64.05, 63.1, 63.97, 64.08, 64.55, 65.2, 64.97, 64.77, 65.44, 65.15, 65.61]",2025-07-09T14:45:16.343081,Torres Ltd Inn,"Miami, USA","[25.718257, -80.160147]",2.0,7.6,46,Hotel,1.1,43.0,Independent,"Concierge,Gym,WiFi,Pool,Restaurant,Laundry",1.1,Miami,USA,65.66600000000001,U002827,28,0.3190153846153847
O029668,H09668,Agoda,Family,62.7,188.1,61.26,1.33,0.087,Free,False,True,0.0,3,61.97,0.74,"[62.84, 62.04, 61.68, 61.91, 61.6, 61.95, 62.09, 62.52, 62.14, 63.66, 62.76, 62.96, 63.16, 63.41, 62.81, 61.57, 61.05, 60.66, 60.65, 61.07, 61.56, 61.1, 61.26, 60.9]",2025-07-09T14:45:16.343081,Torres Ltd Inn,"Miami, USA","[25.718257, -80.160147]",2.0,7.6,46,Hotel,1.1,43.0,Independent,"Concierge,Gym,WiFi,Pool,Restaurant,Laundry",1.1,Miami,USA,65.66600000000001,U002827,38,0.31292307692307697
O024970,H04970,Hotwire,Executive,61.37,122.74,61.48,1.82,0.117,Free,True,True,"Room upgrade, Spa discount",2,61.59,0.46,"[61.09, 60.7, 60.61, 61.79, 60.77, 60.94, 60.42, 60.88, 61.28, 61.24, 62.72, 62.43, 62.63, 62.15, 61.7, 62.74, 61.69, 61.79, 61.97, 61.75, 61.12, 61.56, 62.06, 62.22]",2025-07-09T14:45:16.343081,Garden Berlin Suites,"Berlin, Germany","[52.586325, 13.45869]",2.0,8.5,1154,Hotel,8.8,34.8,W Hotels,"Pool,Room Service,Beach Access,Conference Rooms,Breakfast",1.3,Berlin,Germany,65.196,U002827,35,0.30883076923076924
O024972,H04972,Otel.com,Suite,148.86,297.72,146.04,0.71,0.156,Partial,True,True,"Free parking, Free WiFi",2,147.31,3.66,"[148.54, 148.53, 147.47, 149.13, 149.13, 149.14, 147.08, 148.53, 147.97, 147.76, 149.3, 147.74, 146.94, 148.56, 149.37, 148.46, 146.57, 145.41, 144.76, 146.91, 147.99, 144.54, 141.98, 143.58]",2025-07-09T14:45:16.343081,Palace Dubai Hotel,"Dubai, UAE","[25.1962, 55.213457]",3.0,8.5,908,Hotel,1.8,29.4,Independent,"Airport Shuttle,WiFi,Concierge,Bar,Air Conditioning,Pool,Conference Rooms,Laundry",4.4,Dubai,UAE,143.458,U002827,26,0.30196923076923077
O012534,H02534,Travelocity,Single,48.84,146.52,49.3,1.79,0.093,Free,True,False,0.0,3,50.18,0.7,"[49.85, 49.32, 49.54, 49.71, 49.44, 49.3, 49.53, 49.04, 48.64, 48.89, 50.34, 50.29, 50.49, 50.34, 50.97, 50.14, 50.19, 51.05, 51.04, 51.0, 50.99, 51.31, 51.46, 51.47]",2025-07-09T14:45:16.343081,Lewis Suites,"Barcelona, Spain","[41.34917, 2.154677]",2.0,7.4,259,Apartment,0.6,12.7,Courtyard,"Spa,Pool,Gym,WiFi,Parking,Kitchen,Concierge",3.3,Barcelona,Spain,45.804,U002827,20,0.2902769230769231
O008909,H08909,Venere,Twin,52.12,156.36,52.62,2.63,0.092,Partial,True,False,0.0,3,51.64,1.43,"[52.22, 52.92, 53.15, 52.33, 52.26, 52.51, 51.67, 51.82, 51.36, 51.45, 50.82, 51.22, 50.72, 50.53, 49.7, 50.6, 50.63, 49.78, 50.18, 50.84, 51.65, 52.75, 53.95, 54.24]",2025-07-09T14:45:16.343081,Mcknight Resort,"Berlin, Germany","[52.592994, 13.394562]",2.0,7.1,173,Apartment,10.9,28.1,Ibis,"Restaurant,Business Center,Concierge,Spa",3.7,Berlin,Germany,47.634,U002827,26,0.2803692307692308
O022534,H02534,Venere,Executive,44.01,176.04,42.36,2.45,0.105,Partial,False,False,"Spa discount, Free breakfast",4,43.75,0.33,"[43.6, 43.46, 43.85, 44.05, 44.23, 43.73, 43.69, 44.56, 43.74, 43.43, 43.48, 43.55, 42.38, 43.0, 42.99, 43.7, 43.68, 43.94, 43.81, 43.39, 43.73, 43.98, 44.86, 45.21]",2025-07-09T14:45:16.343081,Lewis Suites,"Barcelona, Spain","[41.34917, 2.154677]",2.0,7.4,259,Apartment,0.6,12.7,Courtyard,"Spa,Pool,Gym,WiFi,Parking,Kitchen,Concierge",3.3,Barcelona,Spain,45.804,U002827,30,0.2754153846153846
O002534,H02534,Kayak,Twin,43.76,87.52,43.27,1.56,0.154,Free,False,True,Room upgrade,2,42.47,1.25,"[43.74, 43.77, 43.87, 44.09, 43.42, 43.56, 43.26, 43.39, 43.53, 43.46, 43.2, 42.71, 42.54, 42.11, 41.93, 41.25, 41.09, 40.99, 40.85, 40.62, 41.34, 41.8, 41.46, 41.39]",2025-07-09T14:45:16.343081,Lewis Suites,"Barcelona, Spain","[41.34917, 2.154677]",2.0,7.4,259,Apartment,0.6,12.7,Courtyard,"Spa,Pool,Gym,WiFi,Parking,Kitchen,Concierge",3.3,Barcelona,Spain,45.804,U002827,30,0.2746461538461539
O004972,H04972,Hotwire,Twin,158.0,474.0,157.05,2.11,0.141,Free,True,False,Free parking,3,160.42,5.8,"[157.1, 154.69, 156.21, 157.29, 157.38, 159.27, 159.74, 159.52, 158.85, 161.22, 160.08, 161.77, 162.25, 162.11, 161.29, 161.31, 162.24, 164.59, 163.72, 161.74, 161.87, 162.7, 161.51, 161.56]",2025-07-09T14:45:16.343081,Palace Dubai Hotel,"Dubai, UAE","[25.1962, 55.213457]",3.0,8.5,908,Hotel,1.8,29.4,Independent,"Airport Shuttle,WiFi,Concierge,Bar,Air Conditioning,Pool,Conference Rooms,Laundry",4.4,Dubai,UAE,143.458,U002827,25,0.27384615384615385
O018909,H08909,Travelocity,Family,49.26,246.3,47.25,0.53,0.167,Free,False,False,"Mobile exclusive, Free WiFi",5,49.84,0.26,"[49.11, 49.34, 49.71, 50.45, 50.25, 50.84, 50.4, 50.26, 50.49, 49.91, 49.61, 49.82, 50.01, 49.67, 50.03, 50.16, 50.54, 49.98, 49.55, 49.64, 49.28, 49.11, 49.09, 48.96]",2025-07-09T14:45:16.343081,Mcknight Resort,"Berlin, Germany","[52.592994, 13.394562]",2.0,7.1,173,Apartment,10.9,28.1,Ibis,"Restaurant,Business Center,Concierge,Spa",3.7,Berlin,Germany,47.634,U002827,30,0.2715692307692308
O038909,H08909,Agoda,Twin,45.6,45.6,45.58,2.54,0.103,Free,False,True,Kids stay free,1,46.52,1.64,"[44.72, 44.85, 45.9, 45.18, 45.02, 44.95, 45.33, 45.33, 45.41, 45.42, 46.34, 46.68, 46.81, 46.89, 46.56, 46.45, 47.21, 47.67, 47.89, 48.15, 48.29, 48.15, 48.66, 48.56]",2025-07-09T14:45:16.343081,Mcknight Resort,"Berlin, Germany","[52.592994, 13.394562]",2.0,7.1,173,Apartment,10.9,28.1,Ibis,"Restaurant,Business Center,Concierge,Spa",3.7,Berlin,Germany,47.634,U002827,28,0.26030769230769235
O033993,H03993,Orbitz,Single,470.66,941.32,477.56,1.14,0.088,Free,False,False,"Free parking, Free WiFi",2,476.99,11.09,"[475.98, 477.06, 481.63, 475.69, 475.72, 477.3, 477.16, 479.42, 479.4, 480.85, 476.51, 477.98, 474.32, 473.91, 477.4, 480.26, 482.24, 481.61, 475.24, 480.07, 473.24, 474.98, 471.46, 468.34]",2025-07-09T14:45:16.343081,Hale Gilbert and Craig Suites,"Los Angeles, USA","[34.07572, -118.214769]",5.0,10.0,2096,Resort,1.4,24.1,Hilton,"Parking,Laundry,Concierge,Room Service,Breakfast,Airport Shuttle,Pet Friendly,Pool,WiFi,Spa,24h Front Desk,Conference Rooms,Business Center,Balcony,Beach Access",4.7,Los Angeles,USA,482.34799999999996,U000651,28,0.6265749167591566
O023993,H03993,Agoda,Executive,444.6,444.6,449.05,2.3,0.144,Free,False,True,Room upgrade,1,451.02,35.62,"[438.54, 441.85, 448.19, 443.46, 448.58, 445.39, 452.11, 455.98, 453.8, 456.78, 458.91, 452.66, 460.85, 459.69, 455.97, 452.42, 452.18, 445.9, 447.66, 446.68, 450.66, 443.58, 453.74, 458.87]",2025-07-09T14:45:16.343081,Hale Gilbert and Craig Suites,"Los Angeles, USA","[34.07572, -118.214769]",5.0,10.0,2096,Resort,1.4,24.1,Hilton,"Parking,Laundry,Concierge,Room Service,Breakfast,Airport Shuttle,Pet Friendly,Pool,WiFi,Spa,24h Front Desk,Conference Rooms,Business Center,Balcony,Beach Access",4.7,Los Angeles,USA,482.34799999999996,U000651,30,0.5360710321864595
O013993,H03993,Expedia,Twin,477.36,2386.8,473.24,2.81,0.082,Free,False,True,Pay at hotel,5,473.05,40.83,"[474.82, 468.23, 470.4, 461.91, 461.82, 467.92, 464.28, 472.11, 468.59, 471.94, 472.91, 471.87, 473.32, 473.74, 474.28, 478.92, 476.09, 478.35, 491.0, 484.19, 476.29, 475.05, 468.45, 476.78]",2025-07-09T14:45:16.343081,Hale Gilbert and Craig Suites,"Los Angeles, USA","[34.07572, -118.214769]",5.0,10.0,2096,Resort,1.4,24.1,Hilton,"Parking,Laundry,Concierge,Room Service,Breakfast,Airport Shuttle,Pet Friendly,Pool,WiFi,Spa,24h Front Desk,Conference Rooms,Business Center,Balcony,Beach Access",4.7,Los Angeles,USA,482.34799999999996,U000651,31,0.5221132075471698
O021701,H01701,HRS,Family,380.29,1521.16,377.82,2.93,0.104,Free,False,False,"Mobile exclusive, Kids stay free",4,384.07,26.75,"[384.31, 385.9, 393.48, 393.33, 395.86, 389.86, 384.74, 387.45, 384.75, 384.8, 380.93, 382.35, 387.03, 385.3, 384.46, 382.51, 382.75, 380.81, 378.54, 377.16, 379.73, 377.99, 375.91, 377.73]",2025-07-09T14:45:16.343081,São Paulo Plaza House,"São Paulo, Brazil","[-23.490613, -46.615707]",5.0,9.3,617,Hotel,10.8,30.4,Holiday Inn,"Parking,Beach Access,Airport Shuttle,Business Center,Gym,Pool,Conference Rooms,WiFi,Kitchen,Concierge,Laundry,Pet Friendly,Room Service,Air Conditioning,Bar",2.6,São Paulo,Brazil,358.31,U000651,38,0.5132452830188678
O041701,H01701,Expedia,Family,367.2,367.2,370.0,1.2,0.181,Non-refundable,False,False,0.0,1,374.12,28.41,"[368.54, 368.66, 370.92, 373.87, 378.35, 375.58, 378.46, 379.13, 379.69, 383.09, 377.35, 379.58, 382.73, 378.77, 376.72, 374.31, 374.83, 373.16, 369.99, 366.58, 371.08, 365.85, 365.01, 366.63]",2025-07-09T14:45:16.343081,São Paulo Plaza House,"São Paulo, Brazil","[-23.490613, -46.615707]",5.0,9.3,617,Hotel,10.8,30.4,Holiday Inn,"Parking,Beach Access,Airport Shuttle,Business Center,Gym,Pool,Conference Rooms,WiFi,Kitchen,Concierge,Laundry,Pet Friendly,Room Service,Air Conditioning,Bar",2.6,São Paulo,Brazil,358.31,U000651,34,0.5045283018867925
O003993,H03993,Lastminute.com,Executive,505.32,1010.64,502.59,2.17,0.113,Non-refundable,True,True,0.0,2,507.7,39.74,"[503.92, 500.47, 498.32, 506.32, 504.38, 503.48, 505.11, 514.83, 512.12, 510.36, 509.96, 510.36, 506.61, 503.77, 506.31, 512.75, 524.31, 517.84, 517.21, 508.79, 503.67, 503.63, 502.49, 497.8]",2025-07-09T14:45:16.343081,Hale Gilbert and Craig Suites,"Los Angeles, USA","[34.07572, -118.214769]",5.0,10.0,2096,Resort,1.4,24.1,Hilton,"Parking,Laundry,Concierge,Room Service,Breakfast,Airport Shuttle,Pet Friendly,Pool,WiFi,Spa,24h Front Desk,Conference Rooms,Business Center,Balcony,Beach Access",4.7,Los Angeles,USA,482.34799999999996,U000651,25,0.5034938956714762
O043993,H03993,Kayak,Family,513.8,2569.0,517.97,2.23,0.168,Partial,True,True,"Spa discount, Free parking",5,504.1,80.58,"[518.74, 520.46, 519.73, 506.65, 506.03, 509.22, 500.98, 497.85, 498.21, 488.95, 494.71, 494.94, 490.38, 493.54, 503.27, 511.07, 513.83, 510.63, 510.68, 509.34, 495.96, 500.8, 505.38, 497.03]",2025-07-09T14:45:16.343081,Hale Gilbert and Craig Suites,"Los Angeles, USA","[34.07572, -118.214769]",5.0,10.0,2096,Resort,1.4,24.1,Hilton,"Parking,Laundry,Concierge,Room Service,Breakfast,Airport Shuttle,Pet Friendly,Pool,WiFi,Spa,24h Front Desk,Conference Rooms,Business Center,Balcony,Beach Access",4.7,Los Angeles,USA,482.34799999999996,U000651,29,0.4978468368479467
O011701,H01701,Hotels.com,Executive,352.8,352.8,348.35,1.2,0.159,Free,False,False,0.0,1,349.06,17.17,"[351.03, 351.59, 355.16, 353.76, 353.49, 356.35, 354.98, 349.35, 352.63, 349.43, 351.96, 349.42, 344.85, 341.74, 346.07, 349.42, 346.84, 346.67, 344.74, 343.67, 341.52, 344.94, 349.27, 348.51]",2025-07-09T14:45:16.343081,São Paulo Plaza House,"São Paulo, Brazil","[-23.490613, -46.615707]",5.0,9.3,617,Hotel,10.8,30.4,Holiday Inn,"Parking,Beach Access,Airport Shuttle,Business Center,Gym,Pool,Conference Rooms,WiFi,Kitchen,Concierge,Laundry,Pet Friendly,Room Service,Air Conditioning,Bar",2.6,São Paulo,Brazil,358.31,U000651,29,0.49493895671476135
O001701,H01701,Otel.com,Double,349.49,349.49,352.6,0.78,0.102,Non-refundable,False,False,Free WiFi,1,346.84,12.2,"[349.22, 345.23, 343.58, 346.42, 349.88, 351.02, 349.7, 344.19, 346.92, 350.74, 348.84, 352.84, 349.02, 350.88, 349.6, 347.07, 343.72, 343.49, 341.62, 340.22, 341.46, 345.78, 349.94, 342.83]",2025-07-09T14:45:16.343081,São Paulo Plaza House,"São Paulo, Brazil","[-23.490613, -46.615707]",5.0,9.3,617,Hotel,10.8,30.4,Holiday Inn,"Parking,Beach Access,Airport Shuttle,Business Center,Gym,Pool,Conference Rooms,WiFi,Kitchen,Concierge,Laundry,Pet Friendly,Room Service,Air Conditioning,Bar",2.6,São Paulo,Brazil,358.31,U000651,27,0.4927347391786904
O031701,H01701,Venere,Deluxe,341.77,1025.31,338.61,1.88,0.143,Free,False,False,0.0,3,341.55,15.36,"[340.4, 341.97, 342.94, 341.61, 346.97, 341.75, 343.25, 342.11, 339.63, 340.07, 343.47, 344.65, 346.57, 341.43, 339.8, 333.36, 332.92, 337.0, 336.06, 341.66, 348.37, 347.39, 344.31, 339.42]",2025-07-09T14:45:16.343081,São Paulo Plaza House,"São Paulo, Brazil","[-23.490613, -46.615707]",5.0,9.3,617,Hotel,10.8,30.4,Holiday Inn,"Parking,Beach Access,Airport Shuttle,Business Center,Gym,Pool,Conference Rooms,WiFi,Kitchen,Concierge,Laundry,Pet Friendly,Room Service,Air Conditioning,Bar",2.6,São Paulo,Brazil,358.31,U000651,21,0.48759378468368475
O020605,H00605,Travelocity,Single,250.58,751.74,256.64,0.7,0.164,Partial,False,False,"Mobile exclusive, Free cancellation",3,252.48,14.74,"[252.33, 252.92, 253.55, 254.55, 258.37, 258.4, 257.77, 254.67, 256.13, 253.98, 256.0, 253.86, 252.61, 252.01, 251.59, 254.68, 253.4, 247.97, 251.19, 250.5, 246.9, 245.69, 245.81, 244.65]",2025-07-09T14:45:16.343081,Adams Christian and Rivas House,"Barcelona, Spain","[41.365101, 2.121893]",4.0,8.7,4131,Villa,0.5,11.7,Novotel,"WiFi,Parking,Breakfast,Pet Friendly,24h Front Desk,Room Service,Concierge,Kitchen,Airport Shuttle,Beach Access,Business Center,Conference Rooms",3.4,Barcelona,Spain,238.76400000000004,U000651,31,0.44686792452830193
O040605,H00605,HRS,Single,230.27,230.27,221.49,2.6,0.163,Non-refundable,False,False,Kids stay free,1,225.21,6.0,"[227.73, 227.94, 227.82, 227.94, 225.51, 223.68, 220.99, 222.51, 223.8, 225.91, 227.37, 226.81, 224.8, 223.26, 223.87, 222.09, 219.96, 221.89, 225.55, 225.2, 226.8, 227.12, 228.52, 227.93]",2025-07-09T14:45:16.343081,Adams Christian and Rivas House,"Barcelona, Spain","[41.365101, 2.121893]",4.0,8.7,4131,Villa,0.5,11.7,Novotel,"WiFi,Parking,Breakfast,Pet Friendly,24h Front Desk,Room Service,Concierge,Kitchen,Airport Shuttle,Beach Access,Business Center,Conference Rooms",3.4,Barcelona,Spain,238.76400000000004,U000651,22,0.43334295227524977
O010605,H00605,Getaroom,Single,227.71,227.71,217.64,2.57,0.097,Non-refundable,False,True,Airport shuttle,1,226.24,4.83,"[226.82, 229.84, 229.13, 229.5, 226.18, 227.68, 226.0, 226.95, 224.39, 225.42, 228.01, 228.11, 230.28, 226.98, 226.48, 223.92, 221.01, 223.45, 225.51, 224.21, 225.18, 226.09, 224.26, 224.44]",2025-07-09T14:45:16.343081,Adams Christian and Rivas House,"Barcelona, Spain","[41.365101, 2.121893]",4.0,8.7,4131,Villa,0.5,11.7,Novotel,"WiFi,Parking,Breakfast,Pet Friendly,24h Front Desk,Room Service,Concierge,Kitchen,Airport Shuttle,Beach Access,Business Center,Conference Rooms",3.4,Barcelona,Spain,238.76400000000004,U000651,39,0.431638179800222
O022653,H02653,Hotwire,Single,195.66,391.32,196.53,1.47,0.171,Free,False,True,Spa discount,2,200.35,9.98,"[193.22, 198.34, 201.69, 199.9, 201.17, 198.99, 200.47, 199.56, 198.66, 197.96, 196.06, 197.03, 198.38, 198.07, 200.25, 200.85, 201.55, 204.5, 205.73, 204.3, 199.92, 200.7, 202.9, 208.23]",2025-07-09T14:45:16.343081,Brady Lodge,"Berlin, Germany","[52.528767, 13.385233]",4.0,9.6,4493,Hotel,0.5,35.6,Hilton,"Concierge,Balcony,Pet Friendly,Spa,Air Conditioning,Parking,Business Center,Breakfast,Room Service",2.9,Berlin,Germany,180.346,U000651,27,0.4302952275249723
O025283,H05283,Expedia,Single,183.6,367.2,187.43,2.82,0.147,Partial,True,True,0.0,2,180.16,8.99,"[182.16, 182.34, 181.81, 183.59, 183.03, 181.68, 182.98, 180.4, 181.82, 181.63, 182.06, 181.95, 182.85, 181.49, 182.26, 181.21, 179.22, 177.41, 177.67, 177.22, 175.59, 176.21, 172.8, 174.34]",2025-07-09T14:45:16.343081,Gregory-Nixon Suites,"Prague, Czech Republic","[49.988127, 14.489454]",4.0,8.7,2987,Hotel,4.3,33.8,Radisson,"Conference Rooms,Air Conditioning,Pool,Kitchen,Concierge,Laundry,Breakfast,24h Front Desk,Beach Access,Pet Friendly,Business Center,Spa,WiFi",1.1,Prague,Czech Republic,178.56,U000651,31,0.4222641509433963
O004271,H04271,Hotwire,Twin,189.81,189.81,192.29,1.42,0.138,Free,False,False,"Pay at hotel, Free cancellation",1,187.84,2.37,"[187.14, 189.44, 188.98, 187.59, 187.13, 186.37, 188.4, 185.42, 184.54, 187.7, 187.82, 187.21, 189.65, 190.48, 188.58, 188.92, 188.9, 190.61, 188.46, 188.4, 186.83, 187.68, 187.08, 184.82]",2025-07-09T14:45:16.343081,Plaza Vienna Lodge,"Vienna, Austria","[48.171414, 16.396303]",4.0,9.0,1927,Hotel,4.1,21.5,Renaissance,"Bar,WiFi,Business Center,Airport Shuttle,Laundry,Air Conditioning,Kitchen,Concierge,Parking,Spa,Pool,Gym",1.6,Vienna,Austria,176.626,U000651,27,0.3663995560488347
O015331,H05331,Hotwire,Family,156.21,312.42,156.67,2.74,0.127,Non-refundable,True,True,Late checkout,2,157.44,2.92,"[157.36, 157.58, 156.79, 157.01, 156.93, 156.4, 156.39, 155.07, 153.94, 154.79, 155.62, 157.07, 158.94, 156.38, 156.87, 157.63, 157.87, 158.0, 159.42, 159.59, 161.14, 160.33, 159.25, 158.15]",2025-07-09T14:45:16.343081,Sydney Golden House,"Sydney, Australia","[-33.840023, 151.276827]",5.0,9.9,1884,Hostel,1.4,34.4,Courtyard,"24h Front Desk,WiFi,Pet Friendly,Concierge,Air Conditioning,Business Center,Airport Shuttle,Beach Access,Gym,Balcony,Pool,Spa",3.6,Sydney,Australia,140.24200000000002,U000651,27,0.36402441731409546
O014271,H04271,Expedia,Double,183.6,183.6,180.85,1.48,0.126,Partial,True,False,Free cancellation,1,187.07,8.61,"[183.8, 182.37, 182.66, 183.77, 185.5, 189.05, 186.1, 188.86, 189.27, 190.79, 191.01, 190.26, 188.5, 186.28, 187.9, 187.6, 186.11, 184.18, 182.74, 184.57, 186.04, 188.36, 192.16, 191.77]",2025-07-09T14:45:16.343081,Plaza Vienna Lodge,"Vienna, Austria","[48.171414, 16.396303]",4.0,9.0,1927,Hotel,4.1,21.5,Renaissance,"Bar,WiFi,Business Center,Airport Shuttle,Laundry,Air Conditioning,Kitchen,Concierge,Parking,Spa,Pool,Gym",1.6,Vienna,Austria,176.626,U000651,36,0.36226415094339626
O035331,H05331,Lastminute.com,Suite,146.89,440.67,147.05,2.41,0.099,Non-refundable,False,False,0.0,3,151.93,9.84,"[146.93, 146.06, 147.01, 148.42, 149.23, 150.78, 150.86, 150.66, 152.47, 155.45, 153.44, 154.98, 156.05, 155.42, 155.92, 153.83, 153.53, 156.7, 154.56, 154.11, 150.97, 149.59, 150.75, 148.6]",2025-07-09T14:45:16.343081,Sydney Golden House,"Sydney, Australia","[-33.840023, 151.276827]",5.0,9.9,1884,Hostel,1.4,34.4,Courtyard,"24h Front Desk,WiFi,Pet Friendly,Concierge,Air Conditioning,Business Center,Airport Shuttle,Beach Access,Gym,Balcony,Pool,Spa",3.6,Sydney,Australia,140.24200000000002,U000651,30,0.35781798002219756
O034271,H04271,HRS,Family,173.12,692.48,172.26,1.38,0.165,Free,False,True,0.0,4,170.41,6.63,"[172.32, 168.85, 168.05, 167.12, 167.04, 168.63, 167.85, 167.39, 166.92, 168.02, 169.52, 172.48, 173.34, 172.43, 176.09, 174.61, 173.63, 172.09, 171.72, 172.11, 170.96, 169.39, 169.17, 170.09]",2025-07-09T14:45:16.343081,Plaza Vienna Lodge,"Vienna, Austria","[48.171414, 16.396303]",4.0,9.0,1927,Hotel,4.1,21.5,Renaissance,"Bar,WiFi,Business Center,Airport Shuttle,Laundry,Air Conditioning,Kitchen,Concierge,Parking,Spa,Pool,Gym",1.6,Vienna,Austria,176.626,U000651,35,0.35528523862375144
O024271,H04271,Agoda,Double,171.0,171.0,175.21,1.53,0.199,Free,True,True,Free WiFi,1,175.8,1.97,"[171.03, 173.28, 175.64, 176.58, 176.25, 174.65, 176.02, 176.71, 176.04, 175.87, 176.1, 176.03, 177.21, 176.02, 175.74, 176.19, 177.35, 176.62, 176.05, 175.64, 173.79, 175.76, 176.74, 177.98]",2025-07-09T14:45:16.343081,Plaza Vienna Lodge,"Vienna, Austria","[48.171414, 16.396303]",4.0,9.0,1927,Hotel,4.1,21.5,Renaissance,"Bar,WiFi,Business Center,Airport Shuttle,Laundry,Air Conditioning,Kitchen,Concierge,Parking,Spa,Pool,Gym",1.6,Vienna,Austria,176.626,U000651,35,0.3538734739178691
O045331,H05331,HRS,Executive,138.91,277.82,137.25,2.74,0.088,Free,False,False,Free breakfast,2,138.16,2.86,"[140.5, 139.39, 138.98, 139.48, 137.21, 137.92, 138.29, 141.08, 139.19, 138.61, 138.35, 137.26, 137.85, 139.29, 138.98, 139.74, 139.42, 139.73, 136.83, 136.48, 135.67, 134.82, 134.66, 135.98]",2025-07-09T14:45:16.343081,Sydney Golden House,"Sydney, Australia","[-33.840023, 151.276827]",5.0,9.9,1884,Hostel,1.4,34.4,Courtyard,"24h Front Desk,WiFi,Pet Friendly,Concierge,Air Conditioning,Business Center,Airport Shuttle,Beach Access,Gym,Balcony,Pool,Spa",3.6,Sydney,Australia,140.24200000000002,U000651,33,0.352503884572697
O007005,H07005,Lastminute.com,Executive,196.87,393.74,197.99,0.86,0.132,Free,True,False,"Spa discount, Airport shuttle",2,201.3,5.55,"[197.57, 198.14, 198.19, 198.37, 198.91, 199.12, 201.02, 204.28, 204.45, 203.41, 204.54, 203.38, 202.09, 200.55, 199.42, 198.32, 201.11, 200.93, 202.5, 201.46, 203.24, 200.93, 203.89, 205.35]",2025-07-09T14:45:16.343081,Barcelona Imperial Manor,"Barcelona, Spain","[41.36545, 2.178282]",4.0,10.0,242,Hotel,0.1,17.3,Hampton Inn,"Restaurant,WiFi,Kitchen,Concierge,Breakfast,24h Front Desk,Parking,Business Center,Conference Rooms,Beach Access,Pet Friendly,Spa",1.7,Barcelona,Spain,187.172,U000651,35,0.3511009988901221
O037005,H07005,Orbitz,Double,195.94,195.94,199.9,2.83,0.103,Non-refundable,False,False,Room upgrade,1,196.66,15.69,"[198.26, 201.71, 202.17, 201.94, 203.82, 202.24, 201.37, 199.06, 195.95, 195.78, 192.83, 193.08, 194.01, 196.36, 196.54, 197.21, 196.35, 197.91, 193.4, 195.24, 193.0, 191.66, 190.11, 189.73]",2025-07-09T14:45:16.343081,Barcelona Imperial Manor,"Barcelona, Spain","[41.36545, 2.178282]",4.0,10.0,242,Hotel,0.1,17.3,Hampton Inn,"Restaurant,WiFi,Kitchen,Concierge,Breakfast,24h Front Desk,Parking,Business Center,Conference Rooms,Beach Access,Pet Friendly,Spa",1.7,Barcelona,Spain,187.172,U000651,40,0.35048168701442844
O044271,H04271,Priceline,Deluxe,165.6,331.2,168.41,0.68,0.127,Free,True,False,"Free WiFi, Room upgrade",2,168.28,1.61,"[165.83, 167.54, 167.27, 169.03, 168.15, 165.46, 168.07, 167.57, 168.36, 168.65, 168.85, 167.9, 166.88, 167.63, 169.65, 169.02, 168.24, 168.7, 166.78, 169.91, 169.26, 170.97, 169.98, 168.95]",2025-07-09T14:45:16.343081,Plaza Vienna Lodge,"Vienna, Austria","[48.171414, 16.396303]",4.0,9.0,1927,Hotel,4.1,21.5,Renaissance,"Bar,WiFi,Business Center,Airport Shuttle,Laundry,Air Conditioning,Kitchen,Concierge,Parking,Spa,Pool,Gym",1.6,Vienna,Austria,176.626,U000651,25,0.3502774694783574
O017005,H07005,Hotwire,Family,195.33,195.33,195.14,0.7,0.184,Free,False,False,Free WiFi,1,200.34,8.37,"[197.98, 197.85, 194.76, 194.9, 194.68, 199.63, 200.81, 200.96, 199.89, 202.35, 200.57, 202.37, 202.47, 205.18, 203.05, 198.82, 197.72, 199.23, 200.09, 201.6, 202.17, 202.57, 203.54, 204.91]",2025-07-09T14:45:16.343081,Barcelona Imperial Manor,"Barcelona, Spain","[41.36545, 2.178282]",4.0,10.0,242,Hotel,0.1,17.3,Hampton Inn,"Restaurant,WiFi,Kitchen,Concierge,Breakfast,24h Front Desk,Parking,Business Center,Conference Rooms,Beach Access,Pet Friendly,Spa",1.7,Barcelona,Spain,187.172,U000651,26,0.35007547169811326
O005331,H05331,Priceline,Suite,132.48,927.36,133.28,2.19,0.129,Non-refundable,True,True,Free WiFi,7,128.2,3.94,"[131.79, 129.39, 129.48, 130.22, 129.84, 130.54, 129.34, 128.48, 129.14, 129.46, 129.88, 129.69, 128.07, 129.03, 128.66, 125.52, 125.38, 126.8, 125.29, 124.15, 125.04, 126.17, 127.62, 127.82]",2025-07-09T14:45:16.343081,Sydney Golden House,"Sydney, Australia","[-33.840023, 151.276827]",5.0,9.9,1884,Hostel,1.4,34.4,Courtyard,"24h Front Desk,WiFi,Pet Friendly,Concierge,Air Conditioning,Business Center,Airport Shuttle,Beach Access,Gym,Balcony,Pool,Spa",3.6,Sydney,Australia,140.24200000000002,U000651,27,0.3482219755826859
O030605,H00605,Hotels.com,Double,246.96,1234.8,244.43,1.74,0.101,Non-refundable,True,False,Free WiFi,5,249.46,6.61,"[249.06, 249.49, 247.2, 248.57, 247.0, 246.96, 246.97, 248.1, 246.28, 243.61, 247.38, 247.63, 251.35, 250.54, 254.89, 252.51, 253.35, 250.07, 249.85, 250.76, 249.64, 250.99, 252.48, 252.27]",2025-07-09T14:45:16.343081,Adams Christian and Rivas House,"Barcelona, Spain","[41.365101, 2.121893]",4.0,8.7,4131,Villa,0.5,11.7,Novotel,"WiFi,Parking,Breakfast,Pet Friendly,24h Front Desk,Room Service,Concierge,Kitchen,Airport Shuttle,Beach Access,Business Center,Conference Rooms",3.4,Barcelona,Spain,238.76400000000004,U000651,26,0.344457269700333
O025331,H05331,HotelDirect,Deluxe,126.72,380.16,131.33,0.88,0.157,Free,False,False,"Free parking, Free cancellation",3,124.37,1.94,"[127.39, 127.16, 125.42, 124.34, 122.87, 121.51, 121.46, 122.93, 124.07, 124.81, 124.42, 124.99, 123.68, 124.68, 125.5, 124.51, 123.63, 125.27, 124.14, 125.47, 125.26, 124.12, 124.16, 123.16]",2025-07-09T14:45:16.343081,Sydney Golden House,"Sydney, Australia","[-33.840023, 151.276827]",5.0,9.9,1884,Hostel,1.4,34.4,Courtyard,"24h Front Desk,WiFi,Pet Friendly,Concierge,Air Conditioning,Business Center,Airport Shuttle,Beach Access,Gym,Balcony,Pool,Spa",3.6,Sydney,Australia,140.24200000000002,U000651,42,0.3443862375138735
O000605,H00605,Kayak,Family,238.3,953.2,237.4,2.73,0.172,Free,True,True,"Free cancellation, Mobile exclusive",4,232.99,7.4,"[234.69, 234.85, 233.07, 230.32, 230.98, 228.92, 227.91, 232.8, 230.85, 230.53, 228.57, 232.24, 233.04, 235.87, 236.97, 237.53, 238.86, 234.8, 232.39, 233.79, 234.72, 232.41, 232.94, 232.6]",2025-07-09T14:45:16.343081,Adams Christian and Rivas House,"Barcelona, Spain","[41.365101, 2.121893]",4.0,8.7,4131,Villa,0.5,11.7,Novotel,"WiFi,Parking,Breakfast,Pet Friendly,24h Front Desk,Room Service,Concierge,Kitchen,Airport Shuttle,Beach Access,Business Center,Conference Rooms",3.4,Barcelona,Spain,238.76400000000004,U000651,34,0.33869034406215326
O027005,H07005,Lastminute.com,Suite,178.23,1069.38,181.72,0.51,0.133,Free,False,True,0.0,6,178.03,4.28,"[179.02, 177.67, 175.45, 175.62, 175.4, 173.34, 174.86, 175.75, 177.07, 177.29, 178.8, 179.19, 182.66, 179.39, 179.28, 178.29, 179.49, 178.14, 178.79, 178.63, 179.7, 179.16, 178.57, 181.04]",2025-07-09T14:45:16.343081,Barcelona Imperial Manor,"Barcelona, Spain","[41.36545, 2.178282]",4.0,10.0,242,Hotel,0.1,17.3,Hampton Inn,"Restaurant,WiFi,Kitchen,Concierge,Breakfast,24h Front Desk,Parking,Business Center,Conference Rooms,Beach Access,Pet Friendly,Spa",1.7,Barcelona,Spain,187.172,U000651,33,0.33868812430632633
O047005,H07005,Lastminute.com,Family,169.49,677.96,166.55,1.47,0.131,Non-refundable,False,False,Kids stay free,4,168.63,2.0,"[167.72, 168.35, 167.27, 169.77, 169.1, 167.41, 167.4, 170.34, 167.36, 170.54, 170.89, 170.9, 170.46, 170.46, 170.19, 167.64, 167.72, 167.58, 167.94, 167.06, 167.71, 166.46, 167.51, 169.38]",2025-07-09T14:45:16.343081,Barcelona Imperial Manor,"Barcelona, Spain","[41.36545, 2.178282]",4.0,10.0,242,Hotel,0.1,17.3,Hampton Inn,"Restaurant,WiFi,Kitchen,Concierge,Breakfast,24h Front Desk,Parking,Business Center,Conference Rooms,Beach Access,Pet Friendly,Spa",1.7,Barcelona,Spain,187.172,U000651,32,0.3328679245283019
O013299,H03299,Kayak,Family,197.93,593.79,193.08,2.79,0.199,Non-refundable,False,False,"Late checkout, Free parking",3,196.8,3.09,"[194.65, 193.14, 198.28, 199.39, 198.17, 197.76, 196.49, 195.87, 196.82, 197.25, 200.55, 198.68, 195.08, 194.34, 195.11, 196.15, 195.53, 196.46, 198.53, 198.06, 197.71, 198.16, 196.18, 194.82]",2025-07-09T14:45:16.343081,Ferrell-Henry Resort,"Madrid, Spain","[40.361669, -3.699846]",4.0,9.0,1418,Hotel,1.7,18.9,Accor,"Airport Shuttle,24h Front Desk,Breakfast,Air Conditioning,Restaurant,Spa,WiFi,Room Service,Beach Access,Laundry,Kitchen",3.3,Madrid,Spain,183.402,U000651,26,0.33180688124306335
O043299,H03299,Hotwire,Deluxe,193.48,386.96,195.36,2.11,0.152,Free,False,True,Free parking,2,197.37,3.79,"[192.58, 195.06, 195.66, 194.53, 194.13, 198.62, 198.01, 198.54, 198.73, 200.73, 199.69, 198.73, 195.27, 197.82, 196.35, 196.24, 197.58, 197.99, 199.07, 198.02, 198.67, 198.92, 198.97, 196.87]",2025-07-09T14:45:16.343081,Ferrell-Henry Resort,"Madrid, Spain","[40.361669, -3.699846]",4.0,9.0,1418,Hotel,1.7,18.9,Accor,"Airport Shuttle,24h Front Desk,Breakfast,Air Conditioning,Restaurant,Spa,WiFi,Room Service,Beach Access,Laundry,Kitchen",3.3,Madrid,Spain,183.402,U000651,31,0.3288435072142065
O042653,H02653,Otel.com,Executive,187.27,749.08,191.58,2.92,0.091,Partial,True,True,Free WiFi,4,190.38,35.14,"[186.46, 185.51, 183.65, 181.2, 182.66, 183.02, 182.91, 182.96, 186.54, 187.6, 187.52, 189.52, 190.18, 192.62, 194.35, 198.26, 196.85, 196.18, 197.0, 198.21, 198.69, 195.66, 196.27, 195.21]",2025-07-09T14:45:16.343081,Brady Lodge,"Berlin, Germany","[52.528767, 13.385233]",4.0,9.6,4493,Hotel,0.5,35.6,Hilton,"Concierge,Balcony,Pet Friendly,Spa,Air Conditioning,Parking,Business Center,Breakfast,Room Service",2.9,Berlin,Germany,180.346,U000651,36,0.3247081021087681
O035283,H05283,Booking.com,Suite,180.0,1080.0,179.62,2.24,0.173,Free,True,False,0.0,6,180.05,4.68,"[180.34, 178.51, 179.26, 177.41, 178.78, 178.47, 180.55, 179.71, 180.64, 179.27, 176.71, 177.59, 179.97, 180.57, 182.08, 180.24, 178.65, 177.28, 178.41, 181.1, 183.55, 184.16, 184.9, 183.08]",2025-07-09T14:45:16.343081,Gregory-Nixon Suites,"Prague, Czech Republic","[49.988127, 14.489454]",4.0,8.7,2987,Hotel,4.3,33.8,Radisson,"Conference Rooms,Air Conditioning,Pool,Kitchen,Concierge,Laundry,Breakfast,24h Front Desk,Beach Access,Pet Friendly,Business Center,Spa,WiFi",1.1,Prague,Czech Republic,178.56,U000651,26,0.31986681465038846
O033299,H03299,Booking.com,Executive,180.0,360.0,182.64,1.34,0.149,Free,True,False,"Kids stay free, Airport shuttle",2,176.04,7.74,"[178.52, 176.46, 177.42, 176.75, 176.44, 176.4, 174.29, 174.99, 176.37, 176.44, 174.3, 172.86, 174.02, 173.49, 172.61, 172.45, 173.91, 173.2, 174.61, 175.05, 179.53, 181.69, 180.58, 182.64]",2025-07-09T14:45:16.343081,Ferrell-Henry Resort,"Madrid, Spain","[40.361669, -3.699846]",4.0,9.0,1418,Hotel,1.7,18.9,Accor,"Airport Shuttle,24h Front Desk,Breakfast,Air Conditioning,Restaurant,Spa,WiFi,Room Service,Beach Access,Laundry,Kitchen",3.3,Madrid,Spain,183.402,U000651,24,0.31986681465038846
O015283,H05283,Hotels.com,Twin,176.4,882.0,176.9,1.45,0.173,Partial,False,True,0.0,5,178.44,8.51,"[175.39, 173.91, 176.49, 177.62, 175.27, 176.28, 177.23, 176.85, 179.28, 178.21, 179.41, 181.37, 181.45, 179.6, 179.46, 181.38, 184.35, 184.05, 180.67, 180.84, 179.08, 175.97, 174.54, 173.75]",2025-07-09T14:45:16.343081,Gregory-Nixon Suites,"Prague, Czech Republic","[49.988127, 14.489454]",4.0,8.7,2987,Hotel,4.3,33.8,Radisson,"Conference Rooms,Air Conditioning,Pool,Kitchen,Concierge,Laundry,Breakfast,24h Front Desk,Beach Access,Pet Friendly,Business Center,Spa,WiFi",1.1,Prague,Czech Republic,178.56,U000651,22,0.3174694783573807
O005283,H05283,Hotels.com,Twin,176.4,352.8,176.12,2.02,0.161,Partial,True,False,0.0,2,178.78,7.98,"[177.23, 177.33, 178.52, 177.3, 177.36, 177.2, 177.89, 177.33, 177.75, 176.69, 175.87, 174.2, 174.57, 176.02, 178.99, 180.09, 180.28, 178.98, 180.46, 182.67, 181.98, 183.19, 183.6, 185.28]",2025-07-09T14:45:16.343081,Gregory-Nixon Suites,"Prague, Czech Republic","[49.988127, 14.489454]",4.0,8.7,2987,Hotel,4.3,33.8,Radisson,"Conference Rooms,Air Conditioning,Pool,Kitchen,Concierge,Laundry,Breakfast,24h Front Desk,Beach Access,Pet Friendly,Business Center,Spa,WiFi",1.1,Prague,Czech Republic,178.56,U000651,35,0.3174694783573807
O045283,H05283,Hotels.com,Double,176.4,529.2,179.21,1.83,0.084,Non-refundable,False,True,"Free breakfast, Late checkout",3,176.5,2.35,"[176.69, 177.26, 177.85, 178.06, 178.2, 177.54, 177.16, 174.06, 172.75, 174.86, 175.06, 176.39, 177.66, 175.87, 176.7, 175.79, 177.62, 179.29, 177.6, 177.95, 176.48, 175.27, 175.64, 174.17]",2025-07-09T14:45:16.343081,Gregory-Nixon Suites,"Prague, Czech Republic","[49.988127, 14.489454]",4.0,8.7,2987,Hotel,4.3,33.8,Radisson,"Conference Rooms,Air Conditioning,Pool,Kitchen,Concierge,Laundry,Breakfast,24h Front Desk,Beach Access,Pet Friendly,Business Center,Spa,WiFi",1.1,Prague,Czech Republic,178.56,U000651,24,0.3174694783573807
O003299,H03299,Hotels.com,Twin,176.4,176.4,177.81,1.21,0.17,Partial,False,False,Pay at hotel,1,182.06,5.15,"[176.91, 180.3, 180.47, 180.98, 182.81, 185.38, 183.67, 182.4, 182.6, 184.19, 181.24, 180.26, 183.68, 181.25, 179.54, 179.72, 178.66, 180.27, 183.96, 183.94, 186.5, 183.9, 184.7, 182.02]",2025-07-09T14:45:16.343081,Ferrell-Henry Resort,"Madrid, Spain","[40.361669, -3.699846]",4.0,9.0,1418,Hotel,1.7,18.9,Accor,"Airport Shuttle,24h Front Desk,Breakfast,Air Conditioning,Restaurant,Spa,WiFi,Room Service,Beach Access,Laundry,Kitchen",3.3,Madrid,Spain,183.402,U000651,30,0.3174694783573807
O012653,H02653,Hotels.com,Double,176.4,352.8,174.52,0.64,0.123,Non-refundable,True,True,Late checkout,2,174.94,7.72,"[178.21, 177.57, 178.07, 178.94, 179.41, 178.35, 176.3, 176.95, 176.63, 174.58, 174.03, 173.14, 173.82, 170.45, 171.04, 172.66, 171.65, 172.06, 174.08, 174.91, 177.52, 174.99, 173.57, 169.72]",2025-07-09T14:45:16.343081,Brady Lodge,"Berlin, Germany","[52.528767, 13.385233]",4.0,9.6,4493,Hotel,0.5,35.6,Hilton,"Concierge,Balcony,Pet Friendly,Spa,Air Conditioning,Parking,Business Center,Breakfast,Room Service",2.9,Berlin,Germany,180.346,U000651,27,0.3174694783573807
O032653,H02653,Hotels.com,Executive,176.4,176.4,181.52,2.27,0.145,Free,False,False,0.0,1,171.44,24.49,"[173.67, 176.25, 173.48, 174.78, 176.29, 175.51, 176.82, 174.1, 171.89, 167.25, 166.45, 165.4, 164.77, 164.08, 165.24, 164.27, 163.53, 168.18, 171.58, 173.79, 175.06, 177.18, 176.75, 178.32]",2025-07-09T14:45:16.343081,Brady Lodge,"Berlin, Germany","[52.528767, 13.385233]",4.0,9.6,4493,Hotel,0.5,35.6,Hilton,"Concierge,Balcony,Pet Friendly,Spa,Air Conditioning,Parking,Business Center,Breakfast,Room Service",2.9,Berlin,Germany,180.346,U000651,15,0.3174694783573807
O023299,H03299,Orbitz,Family,169.2,169.2,165.93,2.85,0.187,Free,True,True,0.0,1,171.81,4.72,"[167.84, 170.06, 167.77, 168.95, 166.78, 169.97, 171.32, 170.83, 172.14, 173.65, 171.25, 172.74, 173.62, 173.24, 173.96, 173.04, 173.6, 171.97, 172.78, 173.05, 173.4, 174.66, 174.51, 172.34]",2025-07-09T14:45:16.343081,Ferrell-Henry Resort,"Madrid, Spain","[40.361669, -3.699846]",4.0,9.0,1418,Hotel,1.7,18.9,Accor,"Airport Shuttle,24h Front Desk,Breakfast,Air Conditioning,Restaurant,Spa,WiFi,Room Service,Beach Access,Laundry,Kitchen",3.3,Madrid,Spain,183.402,U000651,26,0.3126748057713652
O002653,H02653,Hotwire,Deluxe,166.0,830.0,169.3,1.82,0.183,Free,False,False,Free parking,5,165.96,5.05,"[165.26, 166.96, 164.73, 163.99, 164.5, 164.48, 164.4, 163.84, 163.84, 161.15, 162.07, 163.57, 166.14, 168.39, 169.61, 167.93, 168.92, 168.6, 168.19, 167.66, 168.19, 166.74, 167.45, 166.46]",2025-07-09T14:45:16.343081,Brady Lodge,"Berlin, Germany","[52.528767, 13.385233]",4.0,9.6,4493,Hotel,0.5,35.6,Hilton,"Concierge,Balcony,Pet Friendly,Spa,Air Conditioning,Parking,Business Center,Breakfast,Room Service",2.9,Berlin,Germany,180.346,U000651,30,0.3105438401775805
O012835,H02835,Lastminute.com,Executive,169.09,338.18,173.47,1.1,0.181,Non-refundable,False,True,0.0,2,169.91,3.62,"[166.4, 167.3, 168.1, 169.91, 169.29, 167.38, 169.48, 170.85, 171.37, 170.41, 170.0, 171.86, 170.22, 169.91, 172.63, 170.03, 170.33, 167.02, 167.61, 168.39, 171.16, 171.67, 173.22, 173.27]",2025-07-09T14:45:16.343081,Imperial Prague Resort,"Prague, Czech Republic","[50.106776, 14.439511]",4.0,8.4,1706,Hotel,5.1,23.4,Accor,"WiFi,Airport Shuttle,Pool,Conference Rooms,Air Conditioning,Breakfast,Kitchen,Bar,Parking,Beach Access,24h Front Desk",1.4,Prague,Czech Republic,159.76600000000002,U000651,27,0.2926015538290789
O042835,H02835,Orbitz,Suite,165.76,165.76,169.38,2.28,0.133,Free,True,True,Mobile exclusive,1,166.05,2.33,"[166.46, 165.81, 165.31, 164.65, 166.26, 166.39, 166.35, 165.36, 166.96, 167.12, 166.33, 168.37, 168.41, 168.21, 167.56, 168.36, 165.31, 165.4, 166.82, 164.05, 162.87, 163.39, 165.58, 163.98]",2025-07-09T14:45:16.343081,Imperial Prague Resort,"Prague, Czech Republic","[50.106776, 14.439511]",4.0,8.4,1706,Hotel,5.1,23.4,Accor,"WiFi,Airport Shuttle,Pool,Conference Rooms,Air Conditioning,Breakfast,Kitchen,Bar,Parking,Beach Access,24h Front Desk",1.4,Prague,Czech Republic,159.76600000000002,U000651,21,0.2903840177580466
O002835,H02835,Agoda,Twin,156.75,156.75,158.22,1.33,0.158,Partial,True,True,Free cancellation,1,157.26,2.3,"[155.88, 154.94, 155.16, 156.16, 157.04, 157.14, 157.86, 156.65, 156.98, 159.21, 158.09, 156.53, 156.53, 158.5, 160.75, 158.06, 156.67, 154.24, 155.68, 158.15, 157.49, 157.99, 159.33, 159.25]",2025-07-09T14:45:16.343081,Imperial Prague Resort,"Prague, Czech Republic","[50.106776, 14.439511]",4.0,8.4,1706,Hotel,5.1,23.4,Accor,"WiFi,Airport Shuttle,Pool,Conference Rooms,Air Conditioning,Breakfast,Kitchen,Bar,Parking,Beach Access,24h Front Desk",1.4,Prague,Czech Republic,159.76600000000002,U000651,34,0.28438401775804667
O032835,H02835,HRS,Family,155.43,310.86,153.52,1.81,0.107,Non-refundable,False,False,0.0,2,157.45,17.16,"[151.8, 152.37, 151.33, 152.93, 151.89, 155.64, 156.3, 154.24, 153.44, 154.72, 156.56, 157.82, 156.26, 158.67, 160.87, 162.8, 163.5, 165.62, 163.79, 162.76, 159.17, 159.76, 159.1, 157.41]",2025-07-09T14:45:16.343081,Imperial Prague Resort,"Prague, Czech Republic","[50.106776, 14.439511]",4.0,8.4,1706,Hotel,5.1,23.4,Accor,"WiFi,Airport Shuttle,Pool,Conference Rooms,Air Conditioning,Breakfast,Kitchen,Bar,Parking,Beach Access,24h Front Desk",1.4,Prague,Czech Republic,159.76600000000002,U000651,33,0.2835049944506105
O022835,H02835,Priceline,Suite,151.8,455.4,153.65,0.62,0.157,Free,True,False,Pay at hotel,3,154.96,4.92,"[152.68, 154.13, 154.04, 155.91, 154.89, 157.39, 158.79, 158.36, 157.1, 157.9, 157.86, 156.83, 155.6, 156.1, 155.45, 155.58, 153.45, 153.82, 152.23, 152.2, 152.97, 152.26, 152.32, 151.24]",2025-07-09T14:45:16.343081,Imperial Prague Resort,"Prague, Czech Republic","[50.106776, 14.439511]",4.0,8.4,1706,Hotel,5.1,23.4,Accor,"WiFi,Airport Shuttle,Pool,Conference Rooms,Air Conditioning,Breakfast,Kitchen,Bar,Parking,Beach Access,24h Front Desk",1.4,Prague,Czech Republic,159.76600000000002,U000651,21,0.28108768035516096
